[
	{
		"name": "Sandbox",
		"baseHappiness": 100,
		"extraHappinessPerLuxury": 100,
		"researchCostModifier": 0.9,
		"unitCostModifier": 0.01,
		"unitSupplyBase": 30,
		"unitSupplyPerCity": 20,
		"buildingCostModifier": 0.000000000000001,
		"policyCostModifier": 0.9,
		"unhappinessModifier": 0.01,
		"barbarianBonus": 0.33,
		"barbarianSpawnDelay": 0,
		"playerBonusStartingUnits": [],
		//ai
		"aiCityGrowthModifier": 1,		
		"aiUnitCostModifier": 1,		
		"aiBuildingCostModifier": 1,		
		"aiWonderCostModifier": 1,		
		"aiBuildingMaintenanceModifier": 1,	
		"aiUnitMaintenanceModifier": 1,
		"aiUnitSupplyModifier": 0.5,
		"aiFreeTechs": [],
		"aiMajorCivBonusStartingUnits": [],
		"aiCityStateBonusStartingUnits": [],
		"aiUnhappinessModifier": 0.6,
		"aisExchangeTechs": true,
		"turnBarbariansCanEnterPlayerTiles": 0,	
		"clearBarbarianCampReward": 25
	},
	{
		"name": "Sandbox-King",
		"baseHappiness": 100,
		"extraHappinessPerLuxury": 100,
		"researchCostModifier": 0.9,
		"unitCostModifier": 0.01,
		"unitSupplyBase": 30,
		"unitSupplyPerCity": 20,
		"buildingCostModifier": 0.000000000000001,
		"policyCostModifier": 0.9,
		"unhappinessModifier": 0.01,
		"barbarianBonus": 0.33,
		"barbarianSpawnDelay": 0,
		"playerBonusStartingUnits": [],
		//ai
		"aiCityGrowthModifier": 0.9,
		"aiUnitCostModifier": 0.85,
		"aiBuildingCostModifier": 0.85,
		"aiWonderCostModifier": 1,
		"aiBuildingMaintenanceModifier": 0.85,
		"aiUnitMaintenanceModifier": 0.8,
		"aiUnitSupplyModifier": 0.3,
		"aiFreeTechs": ["Pottery"],
		"aiMajorCivBonusStartingUnits": ["Era Starting Unit"],
		"aiCityStateBonusStartingUnits": [],
		"aiUnhappinessModifier": 0.9,
		"aisExchangeTechs": true,
		"turnBarbariansCanEnterPlayerTiles": 0,
		"clearBarbarianCampReward": 25
	},
	{
		"name": "Sandbox-Deity",
		"baseHappiness": 100,
		"extraHappinessPerLuxury": 100,
		"researchCostModifier": 0.9,
		"unitCostModifier": 0.01,
		"unitSupplyBase": 30,
		"unitSupplyPerCity": 20,
		"buildingCostModifier": 0.000000000000001,
		"policyCostModifier": 0.9,
		"unhappinessModifier": 0.01,
		"barbarianBonus": 0.33,
		"barbarianSpawnDelay": 0,
		"playerBonusStartingUnits": [],
		//ai
		"aiCityGrowthModifier": 0.6,
		"aiUnitCostModifier": 0.5,
		"aiBuildingCostModifier": 0.5,
		"aiWonderCostModifier": 1,
		"aiBuildingMaintenanceModifier": 0.5,
		"aiUnitMaintenanceModifier": 0.5,
		"aiUnitSupplyModifier": 0.5,
		"aiFreeTechs": ["Pottery","Animal Husbandry","Mining","The Wheel"],
		"aiMajorCivBonusStartingUnits": ["Settler", "Worker", "Scout", "Era Starting Unit", "Era Starting Unit", "Era Starting Unit"],
		"aiCityStateBonusStartingUnits": [],
		"aiUnhappinessModifier": 0.6,
		"aisExchangeTechs": true,
		"turnBarbariansCanEnterPlayerTiles": 0,
		"clearBarbarianCampReward": 25
	}
]
